feature,importance
num__stoich_entropy,0.06701679955779268
cat__magnetic_elements_,0.059590502548168854
num__num_elements,0.05475724636367376
num__n_inequivalent_magnetic_sites,0.0479868085016443
num__emb_225,0.022127238500023527
num__emb_242,0.015118562323296883
num__emb_023,0.013967155025390162
num__emb_204,0.013270105467092237
num__emb_144,0.012922860275787462
num__n_magnetic_sites,0.01264172996374171
num__emb_141,0.010783788377702247
num__emb_174,0.01068363483448641
num__emb_338,0.010267670281736915
num__emb_351,0.010010315041141388
num__emb_390,0.009595808810029978
num__emb_478,0.0091358112219557
num__emb_120,0.008981255484107964
num__emb_043,0.008978976960113278
num__tm_3d_fraction,0.008407551720546894
num__emb_412,0.008377465481700075
num__emb_004,0.008284880248390325
num__emb_441,0.007912187943626659
num__emb_291,0.007881741793902048
num__emb_368,0.007747738312682884
num__emb_072,0.007616602583020098
num__emb_434,0.0072681607787140196
num__emb_421,0.007063513575501338
num__emb_396,0.007024695191536738
num__emb_420,0.007010872927769724
num__emb_182,0.006993460729935428
num__emb_175,0.006944582460628952
num__emb_124,0.006919308524261786
num__emb_053,0.006806436395424943
num__emb_155,0.006783270171180165
num__emb_511,0.0065860372809209275
num__emb_214,0.006447170225690445
num__emb_180,0.00638049176291815
num__emb_365,0.006058275756876598
num__emb_117,0.006013523089192858
num__emb_088,0.005547297422030021
num__emb_326,0.005202739830386264
num__emb_153,0.005180832344354721
num__emb_358,0.004957485004341196
num__emb_221,0.004948442348892535
num__emb_034,0.004915433393292253
num__emb_224,0.004901076675424434
num__emb_276,0.0048680058344513
num__emb_268,0.004855763330538019
num__emb_336,0.004737532403770133
num__emb_119,0.00459956612006847
num__emb_323,0.0045286681318359
num__emb_085,0.004504458707482951
num__emb_220,0.004489737484514026
num__emb_463,0.004250242316537349
num__emb_353,0.0042280644297556565
num__emb_029,0.004203941897037377
num__emb_325,0.004150211028650063
num__emb_508,0.004097814569792053
num__emb_102,0.00395684952723752
num__emb_109,0.0038891055194418107
num__emb_164,0.0037724544072558533
num__emb_440,0.0036937691836629455
num__emb_213,0.003683616656256137
num__emb_427,0.003674212538660323
num__emb_498,0.003637600941856313
num__emb_363,0.003578023375014372
num__emb_422,0.003558473085046435
num__emb_138,0.003543146324041973
num__emb_042,0.0034863128588982655
num__emb_260,0.0033703603779823552
num__emb_407,0.003314461836013121
num__emb_163,0.0032640657044220116
num__emb_466,0.003238647259342259
num__emb_133,0.0031026542780663705
num__emb_132,0.003084444582300751
num__emb_167,0.0030066867300992746
num__emb_076,0.002982087485733885
num__emb_435,0.0029809879259191964
num__emb_269,0.002979907634004096
num__emb_346,0.00295263836348426
num__emb_345,0.0029434154451522822
num__emb_298,0.0029125038307754245
num__emb_265,0.0028717058631492465
num__emb_210,0.0028219046060097997
num__emb_193,0.0028045804049947223
num__emb_016,0.0027838622650196306
num__emb_487,0.0027596001096030884
num__emb_361,0.0027294590536563763
num__emb_475,0.0027067408379390537
num__emb_447,0.002704260412673423
num__emb_228,0.002641307245788852
num__emb_114,0.002615378123416244
num__emb_091,0.002609597657039735
num__emb_181,0.0026013201916897026
num__emb_284,0.002588068142554334
num__emb_264,0.0025869603152357274
num__emb_408,0.002572868520691578
num__emb_218,0.002565411326893575
num__emb_184,0.0025094565766614458
num__emb_316,0.002486084967186207
num__emb_510,0.002454697363851213
num__emb_077,0.0023729522387346074
num__emb_235,0.0023619609902801766
num__emb_250,0.0023034348580880082
num__emb_279,0.002302832959256311
num__emb_048,0.0022900276288429435
num__emb_194,0.002286856464919747
num__emb_015,0.0022615012656507943
num__emb_127,0.002249695655121078
num__emb_484,0.002241333412277196
num__emb_445,0.0021204764139468387
num__emb_333,0.002080771988325634
num__emb_330,0.0020419748954536286
num__emb_012,0.002040327021072446
num__emb_105,0.002018430326330784
num__emb_247,0.001978041221653604
num__emb_499,0.0019694755989189054
num__emb_296,0.001958869544314965
num__emb_177,0.001940163862940471
num__emb_289,0.0019362833253402632
num__emb_352,0.0019040922082168739
num__emb_148,0.001882852798604339
num__emb_285,0.0018602124432441178
num__emb_274,0.0018439513702106492
num__emb_413,0.001834152827218235
num__emb_131,0.0018192540344785155
num__emb_347,0.0018059418159340178
num__emb_158,0.0018012818188789588
num__emb_157,0.0017939064535989254
num__emb_272,0.0017937787134029413
num__emb_089,0.0017774363933552157
num__emb_482,0.00169058165732387
num__emb_500,0.0016872129773974915
num__emb_385,0.0016809758700142077
num__emb_429,0.0016798676427993975
num__emb_313,0.001662436147952419
num__emb_231,0.0016485434026405508
num__emb_178,0.0016410558263671132
num__emb_414,0.0016286255162271971
num__emb_491,0.0016195901629660215
num__emb_035,0.0015964767713472338
num__emb_458,0.0015939294406264036
num__emb_357,0.001586301692848907
num__emb_430,0.0015755668145931295
num__emb_334,0.0015714297146623608
num__emb_322,0.001565498373024093
num__emb_456,0.0015489190955297286
num__emb_103,0.0015450489725195333
num__emb_403,0.0015304460382608975
num__emb_480,0.0014875834976484942
num__emb_092,0.0014582408026521442
num__emb_212,0.0014474390985817944
num__emb_471,0.0014296391158292784
num__emb_394,0.0014258867473595858
num__emb_490,0.0014015382090151296
num__emb_319,0.0013662915423476986
num__emb_245,0.0013346813160442547
num__emb_302,0.0013183338745054601
num__emb_209,0.0013155198602359504
num__emb_176,0.001308657889787842
num__emb_401,0.0013078228941899566
num__emb_436,0.0012990542967843811
num__emb_037,0.0012645157601134402
num__emb_288,0.0012591750920313792
num__emb_406,0.0012333581500576527
num__emb_449,0.001213101149554475
num__emb_489,0.00120830143839323
num__emb_411,0.001180686349200481
num__emb_246,0.0011626743660714163
num__emb_160,0.0011604911341943696
num__emb_011,0.001148960465774739
num__emb_121,0.0011459001095688209
num__emb_097,0.001143793616670134
num__emb_494,0.0011435933470321652
num__emb_002,0.0011383987334509951
num__emb_349,0.0011059427764369878
num__emb_226,0.0011045880377566107
num__emb_227,0.0011043074386503711
num__emb_452,0.0010800561119947165
num__emb_050,0.0010777163034332434
num__emb_248,0.0010738716126755547
num__emb_206,0.0010677380843450766
cat__magnetic_elements_Mn,0.0010189128521323274
num__emb_173,0.0010139792931500022
num__emb_162,0.001001127414599049
num__emb_426,0.0009949909567804414
num__emb_219,0.0009949290155719154
num__emb_126,0.000982785021269273
num__emb_371,0.0009823173514504385
num__emb_314,0.0009809139274182344
num__emb_400,0.0009686938448941994
num__emb_113,0.0009684583948147952
num__emb_369,0.0009402405188778844
num__emb_437,0.0009355237950075365
num__emb_086,0.0009220313831396638
cat__crystal_system_cubic,0.0009070372633876448
num__emb_503,0.0008981530871542986
num__emb_310,0.0008970795488324732
num__emb_366,0.0008906911314171371
num__emb_331,0.0008751603162576567
num__emb_070,0.0008710284105793506
num__emb_387,0.0008655914423542098
num__emb_492,0.0008434723797122664
num__emb_509,0.0008416315946828808
num__emb_096,0.0008360268949086802
num__emb_179,0.0008276416331210115
num__emb_258,0.0008238143442639064
num__emb_392,0.0008237253967145414
num__emb_068,0.0008199393597116805
num__emb_373,0.000808275247720455
num__emb_355,0.0007880607443872264
num__emb_282,0.0007783834424205348
num__emb_059,0.000773504211715079
num__emb_013,0.0007702540111545411
num__emb_432,0.0007657865939991506
num__emb_106,0.0007554813542194121
num__emb_419,0.0007551160772150974
num__emb_356,0.0007464098795064289
num__emb_189,0.0007415084861995671
num__emb_304,0.0007332039494456739
num__emb_381,0.00072508447513055
num__emb_233,0.0007225070810821761
num__emb_287,0.0007205986192880667
num__emb_439,0.0007177848525807985
num__emb_049,0.000714662177271091
num__emb_154,0.0006982279162812381
num__emb_442,0.000685326850565506
num__emb_493,0.0006837133784306195
num__emb_230,0.0006787204444575583
num__emb_075,0.0006781322583298824
num__emb_451,0.0006728588114672411
num__emb_191,0.0006697447472336794
num__emb_467,0.0006659248129516201
num__emb_125,0.00065808029897344
num__emb_058,0.0006470567272500241
num__emb_473,0.0006384534356747862
cat__point_group_m-3m,0.0006206864210706284
num__emb_382,0.0006206192746014834
num__emb_041,0.0006140106260767454
num__emb_136,0.000607044227817802
num__emb_423,0.0006034620901632695
num__emb_253,0.0005950396592387584
num__emb_340,0.000593355000381314
num__emb_057,0.0005782210871217715
num__n_rotation_3,0.0005771246012497563
num__emb_140,0.0005766506753670084
num__emb_239,0.0005735706793026444
num__emb_187,0.0005735506924949511
cat__magnetic_elements_Fe,0.0005722014547360617
num__emb_080,0.0005708138680698936
num__emb_286,0.0005578922883863711
num__emb_476,0.000548838500880006
num__emb_461,0.0005482934882279026
num__emb_255,0.0005430219067019487
num__emb_087,0.0005407745121826646
num__emb_021,0.0005262927729259622
num__emb_254,0.0005247303576343112
num__emb_033,0.0005241979055063133
num__emb_256,0.0005241560424850758
num__emb_405,0.0005211252792397383
num__emb_364,0.0005137648791012746
num__emb_111,0.0005033235417921627
num__emb_380,0.0005032013008374087
num__emb_026,0.0005010977366687298
num__emb_018,0.0004978151266426446
num__emb_170,0.000494357079888626
num__emb_299,0.0004886420520858483
num__emb_280,0.0004878054254816365
num__emb_001,0.0004865177385614939
num__emb_171,0.0004831579463279745
num__emb_142,0.0004615457700095677
num__emb_474,0.00045595656517373847
num__emb_135,0.0004549156206079389
num__emb_240,0.00045245423782958705
num__emb_217,0.00044427132870181163
num__emb_101,0.00042879795869591716
num__emb_229,0.000422137041682935
num__emb_409,0.0004145973733175737
num__emb_073,0.000413002688080842
num__emb_477,0.00039713190522830665
num__emb_395,0.00039336258883480553
num__emb_047,0.00039233324064095614
num__emb_010,0.00038617207965807956
num__emb_203,0.000381926970792654
num__emb_019,0.000381705483063093
num__emb_054,0.0003801152554144783
num__emb_201,0.00037782253952586825
num__emb_166,0.00037433338673432726
num__emb_388,0.00037188248765725277
num__emb_486,0.00036802785453862296
num__emb_151,0.00036639257008805125
num__emb_241,0.000357783895805821
num__emb_143,0.00035617356656132237
num__emb_251,0.00035510894605198597
num__emb_457,0.00035431393068190484
num__emb_424,0.0003444660355486926
num__emb_208,0.00034186110569160315
num__emb_495,0.0003374039395252727
num__emb_379,0.00033728517628101013
num__emb_501,0.0003361466100779886
num__emb_243,0.00033614042369145986
num__emb_055,0.00033407152709314785
num__emb_416,0.000333959212675878
num__emb_311,0.000330188678614135
num__emb_292,0.00032543498578999015
num__emb_454,0.00031429183266909396
num__emb_375,0.00030401211720768067
num__emb_362,0.0003030899676335809
num__emb_448,0.00030011987774950714
num__emb_391,0.0002995992556652886
num__emb_320,0.0002993907130067046
num__emb_305,0.0002974757661254732
num__emb_074,0.0002953746531203303
num__emb_197,0.00028844427150954033
num__emb_067,0.0002868868296099466
num__emb_465,0.0002843839931465821
num__emb_342,0.00027789447724368093
num__emb_308,0.0002663047823519674
num__emb_036,0.00026486351656011863
num__emb_377,0.00025756792586480935
num__emb_147,0.0002478892150224019
num__emb_025,0.00024642971728154335
num__emb_232,0.00024443465504104677
num__emb_327,0.00024319177561811688
num__emb_099,0.0002394097749166331
num__emb_093,0.00023937410297573307
num__emb_450,0.00023926546683222856
num__emb_283,0.00023856131199413962
num__n_mirror_ops,0.0002384576175080697
num__emb_095,0.00023478191492030186
num__emb_200,0.00023445091855374748
num__emb_234,0.00023364794576177743
num__emb_014,0.0002327208747423006
num__emb_488,0.0002320728629277573
num__emb_196,0.00022824877302665336
num__emb_083,0.0002251593840926773
num__emb_094,0.00021937051549146306
num__emb_065,0.0002185904704643402
num__n_rotation_6,0.00021780011030581625
num__emb_084,0.0002171891711169454
num__emb_360,0.0002146770477408663
num__emb_370,0.0002125549205694918
num__emb_000,0.00021197076665045698
num__emb_150,0.00021143209214469083
num__emb_081,0.00021109074482585481
num__emb_215,0.00020840935034930092
num__emb_045,0.00020757339426275478
num__emb_261,0.0002073077322618177
cat__point_group_6/mmm,0.00020660330096445624
num__emb_328,0.00020557872998833767
num__emb_027,0.0002055641269908663
num__emb_425,0.00020495491385731415
num__emb_343,0.00020049856849232043
num__emb_236,0.00019914747861382543
num__emb_324,0.0001955250773540856
num__emb_116,0.00019060657810093633
num__emb_341,0.00018249947103053153
num__emb_402,0.00017917753331870241
num__emb_417,0.00017837656404101667
num__emb_415,0.00017589847503441465
num__emb_238,0.00017200234981835404
num__emb_130,0.0001706055446192879
num__emb_024,0.00016952517660611427
num__emb_502,0.00016774100968273262
num__emb_483,0.00016479609007928985
num__emb_335,0.00016030211141039656
num__emb_418,0.00015749118690346514
num__emb_122,0.00015726141344874197
num__emb_156,0.00015407855656886937
num__emb_271,0.00015249408862430452
cat__crystal_system_hexagonal,0.00014831555049022412
num__emb_107,0.00014584198815557287
num__emb_376,0.0001457469329093078
num__emb_464,0.00014559886033967487
num__n_symmetry_ops,0.00014498237407385502
num__emb_007,0.00014429677212141406
num__emb_039,0.00014202881898476002
num__emb_198,0.00014098337035851362
num__emb_446,0.0001402683257332011
num__emb_003,0.00013975577089221482
num__emb_383,0.0001370678440065605
num__emb_185,0.00013667039754468028
num__emb_321,0.00013127695051360068
num__emb_329,0.00013120603825521424
num__emb_443,0.00012862749483373898
num__emb_152,0.00012855885881331655
num__emb_262,0.00012237073310708853
num__emb_506,0.00012097409725173387
num__emb_040,0.0001177260489854552
num__emb_082,0.00011711590752334217
num__emb_183,0.00011689806800289431
num__emb_137,0.00011621798244320584
num__emb_459,0.0001138803536831759
num__emb_061,0.00011337006186684741
num__emb_505,0.00011195247800197378
num__emb_507,0.00011130014822706439
num__emb_337,0.00011124125218205852
num__emb_032,0.00010859927709318667
num__n_rotation_2,0.00010851703006184696
num__emb_438,0.00010845383033121875
num__emb_485,0.00010835212122750982
num__emb_398,0.00010832256390559739
num__emb_263,0.00010741390470228074
num__emb_069,0.00010617803975252464
num__emb_290,0.00010395207177722275
num__emb_497,0.00010241583995481154
num__emb_071,0.00010025269347382643
num__emb_312,9.982538087780368e-05
num__emb_309,9.70506031937932e-05
num__emb_207,9.635595656428135e-05
num__emb_066,9.563248456426417e-05
num__emb_115,9.192941490225214e-05
cat__point_group_6mm,9.187540410756123e-05
num__emb_300,8.943561943656511e-05
num__emb_145,8.87913151115902e-05
num__emb_079,8.721032257817445e-05
num__emb_303,8.612806506240635e-05
num__emb_504,8.462056877744273e-05
cat__magnetic_elements_V,8.447375324819734e-05
num__rare_earth_4f_fraction,8.311062814564994e-05
num__emb_393,7.873218072261621e-05
num__emb_372,7.808133666846794e-05
num__emb_378,7.734074191741368e-05
num__n_rotation_4,7.704209051722975e-05
num__emb_469,7.487724106439849e-05
num__emb_354,7.252948328835824e-05
cat__point_group_1,7.220087719260506e-05
num__emb_205,7.218914599421996e-05
num__emb_188,7.187201589825086e-05
num__formation_energy_per_atom,7.124829186123682e-05
num__emb_172,6.991842250049132e-05
num__emb_060,6.761906316958385e-05
num__emb_301,6.738882348066299e-05
num__emb_306,6.657686215304929e-05
num__emb_374,6.542827624256727e-05
num__emb_168,6.469517377729381e-05
num__emb_293,6.411468107462555e-05
num__emb_339,6.330922950917296e-05
num__emb_139,6.0738149435021005e-05
num__emb_134,5.963413222986623e-05
cat__point_group_2,5.937868924157041e-05
num__emb_046,5.9197964536432314e-05
num__emb_399,5.904951602695756e-05
num__emb_165,5.7325674510976537e-05
num__emb_273,5.6197763983953246e-05
num__emb_028,5.57429778220239e-05
num__emb_257,5.5261219933099474e-05
num__emb_195,5.437382869209792e-05
num__emb_161,5.437017481092388e-05
num__emb_030,5.423382234862492e-05
num__emb_275,5.366969063308734e-05
num__emb_249,5.276824086634446e-05
num__emb_278,5.198406745558727e-05
num__emb_455,5.132329700886737e-05
num__emb_216,5.107133804880084e-05
cat__point_group_2/m,4.891712809410875e-05
num__emb_064,4.861424700178433e-05
num__emb_211,4.76630442394773e-05
cat__point_group_-1,4.755516953590534e-05
num__emb_281,4.6402071876891484e-05
num__emb_315,4.484227906542617e-05
num__emb_098,4.400150070814851e-05
num__emb_056,4.3576109461749083e-05
num__emb_062,4.2835313888072285e-05
num__emb_031,4.137125121655494e-05
num__emb_348,4.019973570549402e-05
num__emb_169,3.997721995374126e-05
num__emb_460,3.858692916584958e-05
num__emb_384,3.7958101306212386e-05
num__emb_359,3.78480751190971e-05
num__emb_431,3.6974940148839905e-05
num__emb_146,3.652464765158106e-05
num__emb_008,3.5874011603816414e-05
num__emb_428,3.471763770945352e-05
num__emb_237,3.4659323752015324e-05
num__emb_223,3.375771029910144e-05
num__space_group_number,3.3407841709191306e-05
num__emb_404,3.32530129442412e-05
num__emb_063,3.30516166493883e-05
num__emb_307,3.235133498209519e-05
num__emb_252,3.11883240027079e-05
num__emb_453,3.1004256945552166e-05
num__emb_468,3.068809953579438e-05
num__emb_496,3.0605732325840475e-05
num__emb_222,3.0235254941832782e-05
num__emb_267,2.9877568007780657e-05
num__energy_above_hull,2.8514963870125226e-05
num__emb_433,2.7542435811767877e-05
num__emb_051,2.741726663673736e-05
num__emb_128,2.700778935979429e-05
cat__crystal_system_triclinic,2.688112605023115e-05
num__emb_129,2.6350096738459345e-05
num__emb_470,2.5230676586759435e-05
num__emb_294,2.497024259424104e-05
num__emb_038,2.3375519150447575e-05
num__emb_090,2.3211928624514723e-05
num__emb_149,2.3206499237001343e-05
num__emb_159,2.2902579371548677e-05
cat__crystal_system_orthorhombic,2.2597160319406585e-05
num__emb_472,2.1700261057204363e-05
num__emb_410,2.1629437863316334e-05
num__emb_344,2.139984023889256e-05
num__emb_462,2.1213629991363332e-05
num__emb_104,2.023756811349002e-05
num__emb_100,1.857165892337036e-05
cat__point_group_4/mmm,1.7377150329839807e-05
num__emb_118,1.6764562222300004e-05
num__volume_per_atom,1.6314970383092087e-05
num__emb_244,1.5961054511446052e-05
num__emb_277,1.5154542579091481e-05
num__emb_386,1.4969620092726875e-05
num__emb_389,1.4552916625743435e-05
num__emb_444,1.4041782903939857e-05
num__emb_350,1.3861711703871238e-05
num__emb_479,1.357470994028869e-05
num__emb_078,1.3050668173882536e-05
num__emb_123,1.198230191467087e-05
num__emb_332,1.1864652335547086e-05
num__emb_112,1.1422425072158651e-05
num__emb_481,1.0035401469229625e-05
num__emb_186,9.829259417224659e-06
num__emb_367,9.402896998585709e-06
num__emb_108,8.188209027656625e-06
num__emb_199,8.170564960413477e-06
num__emb_044,7.226944901177036e-06
num__emb_017,6.496111367932618e-06
num__emb_259,6.2794055060696336e-06
num__density,6.048667579330877e-06
num__emb_052,5.741288533309787e-06
num__emb_266,4.921963527763598e-06
cat__point_group_m,4.513825067995325e-06
num__emb_009,4.112688312497134e-06
num__emb_110,4.105659960743667e-06
num__emb_297,4.102533259060301e-06
cat__point_group_4/m,4.099492835822102e-06
cat__point_group_-6m2,4.060552311332585e-06
num__band_gap,3.6955580688427154e-06
cat__point_group_-3,3.681168397967573e-06
cat__crystal_system_tetragonal,3.6726512839066645e-06
num__emb_190,3.6710928365799924e-06
num__emb_005,3.2616671410756157e-06
num__emb_006,2.8807217643723578e-06
cat__crystal_system_monoclinic,2.816566340676689e-06
cat__point_group_-42m,2.4569071817233876e-06
num__emb_020,2.053545514172384e-06
cat__point_group_6/m,1.6452156565942486e-06
cat__point_group_4mm,1.6391978704067378e-06
num__emb_270,1.6355244530895063e-06
num__emb_202,1.255241071853769e-06
cat__point_group_-43m,1.2176101211401674e-06
cat__point_group_-3m,8.240590099538407e-07
cat__crystal_system_trigonal,8.240432278728833e-07
num__emb_192,8.224633600898675e-07
cat__point_group_32,8.222546529496269e-07
cat__magnetic_elements_Ni,8.20904834144909e-07
num__emb_318,4.1232987269571766e-07
num__emb_397,4.116123192214912e-07
cat__point_group_3m,4.114123499795405e-07
num__emb_295,1.558526445795208e-09
num__emb_022,1.5693211189197274e-16
cat__point_group_622,1.5405322510853601e-16
cat__point_group_4,1.3816636204089094e-16
num__emb_317,9.859074774299484e-17
cat__point_group_3,6.747029901258057e-17
cat__point_group_mmm,7.62957370503206e-18
cat__magnetic_elements_Fe;Sm,2.460499415854811e-18
cat__magnetic_elements_Ho;Ni,1.884637850441941e-18
cat__point_group_mm2,4.2832678419158434e-20
cat__magnetic_elements_Mn;Nd,0.0
cat__magnetic_elements_Mn;Pr,0.0
cat__magnetic_elements_Fe;Tb,0.0
cat__magnetic_elements_Ho,0.0
cat__magnetic_elements_Fe;Nd,0.0
cat__magnetic_elements_Mn;Sc,0.0
cat__point_group_-4,0.0
cat__magnetic_elements_Mn;Tb,0.0
cat__magnetic_elements_Mn;Ti,0.0
cat__magnetic_elements_Mn;V,0.0
cat__magnetic_elements_Nd,0.0
cat__magnetic_elements_Nd;V,0.0
cat__magnetic_elements_Dy;Fe,0.0
cat__magnetic_elements_Sc;V,0.0
cat__magnetic_elements_Tb,0.0
cat__magnetic_elements_Tm,0.0
cat__magnetic_elements_Tm;V,0.0
cat__magnetic_elements_Dy;Mn,0.0
cat__magnetic_elements_Co;Nd,0.0
cat__magnetic_elements_Cu;V,0.0
cat__magnetic_elements_Cu;Fe,0.0
cat__point_group_222,0.0
cat__point_group_23,0.0
cat__point_group_422,0.0
cat__point_group_432,0.0
cat__point_group_6,0.0
cat__point_group_m-3,0.0
cat__has_inversion_False,0.0
cat__magnetic_elements_Ce;Fe,0.0
cat__magnetic_elements_Ce;Mn,0.0
cat__magnetic_elements_Co,0.0
cat__magnetic_elements_Cr,0.0
cat__magnetic_elements_Cr;Dy,0.0
cat__magnetic_elements_Cr;Er,0.0
cat__magnetic_elements_Cr;Ni,0.0
cat__magnetic_elements_Cr;Sc,0.0
cat__magnetic_elements_Cr;Tb,0.0
cat__magnetic_elements_Cr;Tm,0.0
cat__magnetic_elements_Cr;V,0.0
cat__magnetic_elements_Cu,0.0
cat__point_group_-6,0.0
